factset_entity_id,fs_perm_sec_id,security_name,fsym_id,Match,Upper,Security,Mkt Val,Position,Mkt Value Desktop,Position Desktop
0011M0-E,R17LLM-S-US,3M CO  COM,R17LLM-S,True,3M CO  COM,3M Co  Com,2864598.0,16371.0,3401566,16371
0011M0-E,Q1KJQ2-S-US,ABBOTT LABORATORIES  COM,Q1KJQ2-S,True,ABBOTT LABORATORIES  COM,Abbott Laboratories  Com,2768656.0,32329.0,2584380,32329
0011M0-E,V3049L-S-US,ABBVIE INC  COM,V3049L-S,True,ABBVIE INC  COM,Abbvie Inc  Com,2345648.0,31292.0,2521822,31292
0011M0-E,DJH8TL-S-US,ADOBE INC  COM,DJH8TL-S,True,ADOBE INC  COM,Adobe Inc  Com,13239867.0,43310.0,11541682,43310
0011M0-E,TR7BJ5-S-US,AEGON NV  ADR,TR7BJ5-S,True,AEGON NV  ADR,Aegon Nv  Adr,545967965.0,108542339.0,519917804,108542339
0011M0-E,VT5DYF-S-NL,AEGON NV  ORD,VT5DYF-S,True,AEGON NV  ORD,Aegon Nv  Ord,666091386.0,131792024.0,611595731,127143214
0011M0-E,P7M7WC-S-US,AIR PRODUCTS & CHEMICALS INC  COM,P7M7WC-S,True,AIR PRODUCTS & CHEMICALS INC  COM,Air Products & Chemicals Inc  Com,763620.0,3300.0,630168,3300
0011M0-E,KQLFTH-S-NL,AKZO NOBEL NV  ORD,KQLFTH-S,True,AKZO NOBEL NV  ORD,Akzo Nobel Nv  Ord,638614083.0,6709399.0,413912706,4666754
0011M0-E,SR2BN3-S-US,ALIBABA GROUP HOLDING LTD  SPONS ADR,SR2BN3-S,True,ALIBABA GROUP HOLDING LTD  SPONS ADR,Alibaba Group Holding Ltd  Spons Adr,480656906.0,2751800.0,502065910,2751800
0011M0-E,Q8DVNB-S-US,ALLSTATE CORP  COM,Q8DVNB-S,True,ALLSTATE CORP  COM,Allstate Corp  Com,385562.0,3685.0,347053,3685
0011M0-E,M1M8H2-S-US,ALNYLAM PHARMACEUTICALS INC  COM,M1M8H2-S,True,ALNYLAM PHARMACEUTICALS INC  COM,Alnylam Pharmaceuticals Inc  Com,363054793.0,4998001.0,467063193,4998001
0011M0-E,XF9TK6-S-US,ALPHABET INC  CL A,XF9TK6-S,True,ALPHABET INC  CL A,Alphabet Inc  Cl A,153427386.0,136624.0,160791419,136624
0011M0-E,DC1QVX-S-US,ALPHABET INC  CL C,DC1QVX-S,True,ALPHABET INC  CL C,Alphabet Inc  Cl C,3412832229.0,3042879.0,3570240359,3042879
0011M0-E,SMGQSC-S-NL,ALTICE EUROPE NV  ORD A,SMGQSC-S,True,ALTICE EUROPE NV  ORD A,Altice Europe Nv  Ord A,165103585.0,47270370.0,124254422,47270370
0011M0-E,SM7211-S-US,ALTICE USA INC  CL A,SM7211-S,False,,,,,-,-
0011M0-E,BRWRT6-S-US,ALTRIA GROUP INC  COM,BRWRT6-S,True,ALTRIA GROUP INC  COM,Altria Group Inc  Com,1170722.0,23800.0,1366834,23800
0011M0-E,RMCVZ9-S-US,AMAZON COM INC  COM,RMCVZ9-S,True,AMAZON COM INC  COM,Amazon Com Inc  Com,1124620.0,580.0,1032835,580
0011M0-E,JXS9XP-S-US,AMERICA MOVIL SAB DE CV  ADR L,JXS9XP-S,True,AMERICA MOVIL SAB DE CV  ADR L,America Movil Sab De Cv  Adr L,3764596.0,255400.0,3647112,255400
0011M0-E,VS15RC-S-MX,AMERICA MOVIL SAB DE CV  ORD L,VS15RC-S,True,AMERICA MOVIL SAB DE CV  ORD L,America Movil Sab De Cv  Ord L,281446322.0,377147500.0,269871665,377147500
0011M0-E,DBQ20D-S-US,AMERICAN EXPRESS CO  COM,DBQ20D-S,True,AMERICAN EXPRESS CO  COM,American Express Co  Com,2967391655.0,23576924.0,2576957793,23576924
0011M0-E,W13F06-S-US,AMERICAN TOWER CORP  CL A,W13F06-S,True,AMERICAN TOWER CORP  CL A,American Tower Corp  Cl A,404577.0,1925.0,379341,1925
0011M0-E,TP1XYX-S-US,AMERIPRISE FINANCIAL INC  COM,TP1XYX-S,True,AMERIPRISE FINANCIAL INC  COM,Ameriprise Financial Inc  Com,434886.0,2942.0,376870,2942
0011M0-E,T8GLHL-S-US,AMGEN INC  COM,T8GLHL-S,True,AMGEN INC  COM,Amgen Inc  Com,4115193.0,21822.0,4145744,21822
0011M0-E,PN3GCR-S-US,ANADARKO PETROLEUM CORP  COM,PN3GCR-S,True,ANADARKO PETROLEUM CORP  COM,Anadarko Petroleum Corp  Com,3223501956.0,45401436.0,2064857309,45401436
0011M0-E,WC6XYF-S-US,ANTHEM INC  COM,WC6XYF-S,True,ANTHEM INC  COM,Anthem Inc  Com,339336.0,1200.0,344376,1200
0011M0-E,VFT77X-S-US,APACHE CORP  COM,VFT77X-S,True,APACHE CORP  COM,Apache Corp  Com,1509897123.0,55348135.0,1918366359,55348135
0011M0-E,R85KLC-S-US,APPLE INC  COM,R85KLC-S,True,APPLE INC  COM,Apple Inc  Com,2534684.0,12400.0,2355380,12400
0011M0-E,BV8JHF-S-GB,ASTRAZENECA PLC  ORD,BV8JHF-S,True,ASTRAZENECA PLC  ORD,Astrazeneca Plc  Ord,1438776139.0,17347000.0,1275336521.58,17347000
0011M0-E,K4LFKT-S-US,ASTRAZENECA PLC  SPONSORED ADR,K4LFKT-S,True,ASTRAZENECA PLC  SPONSORED ADR,Astrazeneca Plc  Sponsored Adr,2074902300.0,49414201.0,1997816146,49414201
0011M0-E,PQJ6YX-S-US,AT&T INC  COM,PQJ6YX-S,True,AT&T INC  COM,At&T Inc  Com,663035803.0,19512531.0,611912972,19512531
0011M0-E,RXHPCQ-S-US,AUTOMATIC DATA PROCESSING INC  COM,RXHPCQ-S,True,AUTOMATIC DATA PROCESSING INC  COM,Automatic Data Processing Inc  Com,295362.0,1800.0,287532,1800
0011M0-E,FCGT4K-S-GB,AVIVA PLC  ORD,FCGT4K-S,True,AVIVA PLC  ORD,Aviva Plc  Ord,882135344.0,162089000.0,858911931.6176,162034397
0011M0-E,PJVSC8-S-IN,AXIS BANK LTD  ORD,PJVSC8-S,True,AXIS BANK LTD  ORD,Axis Bank Ltd  Ord,611808888.0,52283225.0,585738381,52283225
0011M0-E,KMD7MD-S-US,BAIDU INC  SPONSORED ADR,KMD7MD-S,True,BAIDU INC  SPONSORED ADR,Baidu Inc  Sponsored Adr,586906027.0,4950287.0,816054812,4950287
0011M0-E,C6H18K-S-US,BAKER HUGHES A GE CO  CL A,C6H18K-S,True,BAKER HUGHES A GE CO  CL A,Baker Hughes A Ge Co  Cl A,1446680789.0,59024104.0,1636148163,59024104
0011M0-E,PHJ859-S-US,BALL CORP  COM,PHJ859-S,True,BALL CORP  COM,Ball Corp  Com,174517780.0,2415471.0,139759152,2415471
0011M0-E,XQC8FD-S-ES,BANCO SANTANDER SA  ORD,XQC8FD-S,True,BANCO SANTANDER SA  ORD,Banco Santander Sa  Ord,1337715985.0,283674639.0,1320122484,283674639
0011M0-E,Q3TRMZ-S-US,BANK OF AMERICA CORP  COM,Q3TRMZ-S,True,BANK OF AMERICA CORP  COM,Bank Of America Corp  Com,3333312997.0,114743993.0,3165786767,114743993
0011M0-E,MKM11D-S-DE,BANK OF AMERICA CORP  PFD 6.1%,MKM11D-S,True,BANK OF AMERICA CORP  PFD 6.1%,Bank Of America Corp  Pfd 6.1%,17285438.0,16008000.0,-,-
0011M0-E,F62GYG-S-US,BANK OF AMERICA CORP  PFD 6.25% X,F62GYG-S,True,BANK OF AMERICA CORP  PFD 6.25% X,Bank Of America Corp  Pfd 6.25% X,56720070.0,52470000.0,-,-
0011M0-E,HSDSLM-S-US,BANK OF NEW YORK MELLON CORP  COM,HSDSLM-S,True,BANK OF NEW YORK MELLON CORP  COM,Bank Of New York Mellon Corp  Com,2234283336.0,50051150.0,2524079495,50051150
0011M0-E,C9CK2N-S,BANK ONE CAP III  DEBT,C9CK2N-S,False,,,,,-,-
0011M0-E,SY897R-S-GB,BARCLAYS PLC  ORD,SY897R-S,True,BARCLAYS PLC  ORD,Barclays Plc  Ord,1266173702.0,650317000.0,1221577132.64,648988000
0011M0-E,LY6TC3-S-US,BAXTER INTERNATIONAL INC  COM,LY6TC3-S,True,BAXTER INTERNATIONAL INC  COM,Baxter International Inc  Com,277561.0,3382.0,274990,3382
0011M0-E,HD22PG-S-DE,BAYER AG  ORD REG,HD22PG-S,True,BAYER AG  ORD REG,Bayer Ag  Ord Reg,1467420063.0,21319970.0,1378893791,21319970
0011M0-E,DG788W-S-DE,BAYERISCHE MOTOREN WERKE BMW  ORD,DG788W-S,True,BAYERISCHE MOTOREN WERKE BMW  ORD,Bayerische Motoren Werke Bmw  Ord,717919327.0,9553651.0,737503070,9553651
0011M0-E,XN2JJ0-S-US,BB&T CORP  COM,XN2JJ0-S,True,BB&T CORP  COM,Bb&T Corp  Com,893404143.0,18206728.0,847159054,18206728
0011M0-E,QLL3Y6-S-US,BECTON DICKINSON & CO  COM,QLL3Y6-S,True,BECTON DICKINSON & CO  COM,Becton Dickinson & Co  Com,1444658.0,5660.0,1413472,5660
0011M0-E,MFY3RF-S-US,BERKSHIRE HATHAWAY INC  CL A,MFY3RF-S,True,BERKSHIRE HATHAWAY INC  CL A,Berkshire Hathaway Inc  Cl A,1614500.0,5.0,1506075,5
0011M0-E,N138TY-S-US,BERKSHIRE HATHAWAY INC  CL B,N138TY-S,True,BERKSHIRE HATHAWAY INC  CL B,Berkshire Hathaway Inc  Cl B,2790625.0,12970.0,2605543,12970
0011M0-E,PB11JK-S-US,BLACKROCK INC  CL A,PB11JK-S,True,BLACKROCK INC  CL A,Blackrock Inc  Cl A,356513.0,750.0,320528,750
0011M0-E,FYN093-S-FR,BNP PARIBAS SA  ORD,FYN093-S,True,BNP PARIBAS SA  ORD,Bnp Paribas Sa  Ord,1598939245.0,33293658.0,1592923082,33293658
0011M0-E,P8WJT7-S-US,BOEING CO  COM,P8WJT7-S,True,BOEING CO  COM,Boeing Co  Com,345254.0,974.0,371503,974
0011M0-E,CM333K-S-US,BOOKING HOLDINGS INC  COM,CM333K-S,True,BOOKING HOLDINGS INC  COM,Booking Holdings Inc  Com,2268089511.0,1181512.0,2061632104,1181512
0011M0-E,G7VKY3-S-US,BOSTON SCIENTIFIC CORP  COM,G7VKY3-S,True,BOSTON SCIENTIFIC CORP  COM,Boston Scientific Corp  Com,7534639.0,176745.0,6783473,176745
0011M0-E,W733DQ-S-US,BRIGHTHOUSE FINANCIAL INC  COM,W733DQ-S,True,BRIGHTHOUSE FINANCIAL INC  COM,Brighthouse Financial Inc  Com,362690522.0,9904165.0,359422148,9904165
0011M0-E,H547YV-S-US,BRISTOL MYERS SQUIBB CO  COM,H547YV-S,True,BRISTOL MYERS SQUIBB CO  COM,Bristol Myers Squibb Co  Com,2008943689.0,43147416.0,2058563217,43147416
0011M0-E,P0XR3M-S-JP,BROTHER INDUSTRIES LTD  ORD,P0XR3M-S,True,BROTHER INDUSTRIES LTD  ORD,Brother Industries Ltd  Ord,200977985.0,10314000.0,190839529,10314000
0011M0-E,X8RFXJ-S-US,CABOT OIL & GAS CORP  CL A,X8RFXJ-S,True,CABOT OIL & GAS CORP  CL A,Cabot Oil & Gas Corp  Cl A,195299.0,8300.0,216630,8300
0011M0-E,KZJPGL-S-US,CADENCE DESIGN SYSTEM INC  COM,KZJPGL-S,True,CADENCE DESIGN SYSTEM INC  COM,Cadence Design System Inc  Com,32564344.0,435294.0,27645522,435294
0011M0-E,LFBF80-S-US,CAPITAL ONE FINANCIAL CORP  COM,LFBF80-S,True,CAPITAL ONE FINANCIAL CORP  COM,Capital One Financial Corp  Com,3823065788.0,41112655.0,3358492787,41112655
0011M0-E,J2NC4K-S-US,CARMAX INC  COM,J2NC4K-S,True,CARMAX INC  COM,Carmax Inc  Com,2062480.0,23200.0,1619360,23200
0011M0-E,S48T3X-S-US,CATERPILLAR INC  COM,S48T3X-S,True,CATERPILLAR INC  COM,Caterpillar Inc  Com,6019518.0,44395.0,6015079,44395
0011M0-E,PJQNHD-S-US,CELANESE CORP  COM SER A,PJQNHD-S,True,CELANESE CORP  COM SER A,Celanese Corp  Com Ser A,1155290067.0,10814285.0,1066396644,10814285
0011M0-E,RCGQF7-S-US,CEMEX SAB  ADR REP 10 PC 2A/1B,RCGQF7-S,True,CEMEX SAB  ADR REP 10 PC 2A/1B,Cemex Sab  Adr Rep 10 Pc 2A/1B,457276158.0,107594390.0,499237970,107594390
0011M0-E,B6VPNM-S-US,CHARLES SCHWAB CORP  COM,B6VPNM-S,True,CHARLES SCHWAB CORP  COM,Charles Schwab Corp  Com,3089809170.0,76385888.0,3266260571,76385888
0011M0-E,MTDQ28-S-US,CHARTER COMMUNICATIONS INC  CL A,MTDQ28-S,True,CHARTER COMMUNICATIONS INC  CL A,Charter Communications Inc  Cl A,4758600800.0,11896502.0,4127015509,11896502
0011M0-E,MBKTVK-S-US,CHEVRON CORP  COM,MBKTVK-S,True,CHEVRON CORP  COM,Chevron Corp  Com,41998331.0,340481.0,41940450,340481
0011M0-E,M9K04P-S-US,CHUBB LTD  COM,M9K04P-S,True,CHUBB LTD  COM,Chubb Ltd  Com,610316.0,4062.0,569005,4062
0011M0-E,XHJHJN-S-US,CIGNA CORP  COM,XHJHJN-S,True,CIGNA CORP  COM,Cigna Corp  Com,2183940304.0,13249653.0,2130809195,13249653
0011M0-E,K14DFC-S-US,CISCO SYSTEMS INC  COM,K14DFC-S,True,CISCO SYSTEMS INC  COM,Cisco Systems Inc  Com,1761770248.0,31192816.0,1684100136,31192816
0011M0-E,WHZFF1-S-DE,CITIGROUP INC  NON CUM PFD 5.95%,WHZFF1-S,True,CITIGROUP INC  NON CUM PFD 5.95%,Citigroup Inc  Non Cum Pfd 5.95%,80884042.0,77327000.0,-,-
0011M0-E,X23P32-S-DE,CITIGROUP INC  PFD 6.25%,X23P32-S,True,CITIGROUP INC  PFD 6.25%,Citigroup Inc  Pfd 6.25%,50192631.0,45886000.0,-,-
0011M0-E,M4BZCX-S-US,CITIGROUP INC  PFD SER A 5.95%49,M4BZCX-S,True,CITIGROUP INC  PFD SER A 5.95%49,Citigroup Inc  Pfd Ser A 5.95%49,5372763.0,5175000.0,-,-
0011M0-E,JBFJ2W-S-US,CITRIX SYSTEMS INC  COM,JBFJ2W-S,True,CITRIX SYSTEMS INC  COM,Citrix Systems Inc  Com,548295.0,5500.0,548130,5500
0011M0-E,T0JCXJ-S-US,COCA COLA CO  COM,T0JCXJ-S,True,COCA COLA CO  COM,Coca Cola Co  Com,1535804.0,29478.0,1381339,29478
0011M0-E,LX1RL8-S-US,COLGATE PALMOLIVE CO  COM,LX1RL8-S,True,COLGATE PALMOLIVE CO  COM,Colgate Palmolive Co  Com,1036000.0,14000.0,959560,14000
0011M0-E,M647FF-S-US,COMCAST CORP  CL A,M647FF-S,True,COMCAST CORP  CL A,Comcast Corp  Cl A,5487058228.0,126663394.0,5064002492,126663394
0011M0-E,Q8H75K-S-US,CONCHO RESOURCES INC  COM,Q8H75K-S,True,CONCHO RESOURCES INC  COM,Concho Resources Inc  Com,425101622.0,4302648.0,477421822,4302648
0011M0-E,L6CX6R-S-US,CONOCOPHILLIPS  COM,L6CX6R-S,True,CONOCOPHILLIPS  COM,Conocophillips  Com,1402874.0,23188.0,1547567,23188
0011M0-E,QWNLSC-S-US,CORNING INC  COM,QWNLSC-S,True,CORNING INC  COM,Corning Inc  Com,15814474.0,468577.0,15509899,468577
0011M0-E,NFLKGD-S-US,CREDIT SUISSE GROUP  ADR,NFLKGD-S,True,CREDIT SUISSE GROUP  ADR,Credit Suisse Group  Adr,7342147.0,606789.0,7069092,606789
0011M0-E,HTPG7V-S-CH,CREDIT SUISSE GROUP  ORD REG,HTPG7V-S,True,CREDIT SUISSE GROUP  ORD REG,Credit Suisse Group  Ord Reg,947989204.0,78190287.0,1181941627,101430013
0011M0-E,JDWM79-S-US,CVS HEALTH CORP  COM,JDWM79-S,True,CVS HEALTH CORP  COM,Cvs Health Corp  Com,1095618653.0,19848164.0,1070411485,19848164
0011M0-E,NK1C4M-S-US,DANAHER CORP  COM,NK1C4M-S,True,DANAHER CORP  COM,Danaher Corp  Com,684318264.0,4709368.0,621730763,4709368
0011M0-E,G5FWH0-S-US,DEERE & CO  COM,G5FWH0-S,True,DEERE & CO  COM,Deere & Co  Com,3068444.0,18564.0,2967270,18564
0011M0-E,H1F53H-S-US,DELL TECHNOLOGIES INC  CL C,H1F53H-S,True,DELL TECHNOLOGIES INC  CL C,Dell Technologies Inc  Cl C,763595222.0,14429237.0,846851920,14429237
0011M0-E,K10DTM-S-US,DIAGEO PLC  SPONSORED ADR,K10DTM-S,True,DIAGEO PLC  SPONSORED ADR,Diageo Plc  Sponsored Adr,3986813.0,22713.0,3716074,22713
0011M0-E,X7KY98-S-US,DISH NETWORK CORP  CL A,X7KY98-S,True,DISH NETWORK CORP  CL A,Dish Network Corp  Cl A,1123379651.0,28368173.0,898987402,28368173
0011M0-E,LHF4PR-S-US,DOMINION ENERGY INC  COM,LHF4PR-S,True,DOMINION ENERGY INC  COM,Dominion Energy Inc  Com,352432.0,4512.0,345890,4512
0011M0-E,W11X3S-S-US,DOMTAR CORP  COM,W11X3S-S,False,,,,,-,-
0011M0-E,R1CXVP-S-US,DOWDUPONT INC  COM,R1CXVP-S,False,,,,,13371801,83610
0011M0-E,MXV535-S-AE,DP WORLD  ORD,MXV535-S,False,DP WORLD PLC  ORD,Dp World Plc  Ord,132100864.0,8256304.0,132100864,8256304
0011M0-E,RPTTVL-S-US,DUKE ENERGY CORP  COM,RPTTVL-S,True,DUKE ENERGY CORP  COM,Duke Energy Corp  Com,609527.0,6765.0,608850,6765
0011M0-E,Q2PLKZ-S-US,DUN & BRADSTREET CORP  COM,Q2PLKZ-S,False,,,,,-,-
,,,,False,DUPONT DE NEMOURS INC  COM,Dupont De Nemours Inc  Com,6202190.0,83610.0,-,-
0011M0-E,CP765L-S-US,DXC TECHNOLOGY CO  COM,CP765L-S,True,DXC TECHNOLOGY CO  COM,Dxc Technology Co  Com,4977686.0,89366.0,5747127,89366
0011M0-E,S5G28Y-S-US,EBAY INC  COM,S5G28Y-S,True,EBAY INC  COM,Ebay Inc  Com,2265562.0,56781.0,2108846,56781
0011M0-E,H796XY-S-US,ELANCO ANIMAL HEALTH INC  COM,H796XY-S,False,,,,,-,-
0011M0-E,W38FV3-S-US,ELI LILLY & CO  COM,W38FV3-S,True,ELI LILLY & CO  COM,Eli Lilly & Co  Com,1679616376.0,14679395.0,1904798295,14679395
0011M0-E,XGGR1X-S-FR,ENGIE SA  ORD,XGGR1X-S,True,ENGIE SA  ORD,Engie Sa  Ord,672241984.0,42884500.0,639470078,42884500
0011M0-E,NJ13K9-S-NO,EQUINOR ASA  ORD,NJ13K9-S,True,EQUINOR ASA  ORD,Equinor Asa  Ord,651789258.0,32742304.0,718029559,32742304
0011M0-E,HP44R7-S-US,EXXON MOBIL CORP  COM,HP44R7-S,True,EXXON MOBIL CORP  COM,Exxon Mobil Corp  Com,9456469.0,123711.0,9995849,123711
0011M0-E,HKM5XZ-S-US,FEDEX CORP  COM,HKM5XZ-S,True,FEDEX CORP  COM,Fedex Corp  Com,3149833496.0,19513279.0,3539903943,19513279
,,,,False,FOX CORP  CL A,Fox Corp  Cl A,482664460.0,13278252.0,-,-
,,,,False,FOX CORP  CL B,Fox Corp  Cl B,146475778.0,4029595.0,-,-
0011M0-E,MJBXDM-S-US,FLUOR CORP  COM,MJBXDM-S,False,,,,,-,-
0011M0-E,WGRK09-S-JP,FUJITSU LTD  ORD,WGRK09-S,True,FUJITSU LTD  ORD,Fujitsu Ltd  Ord,290489550.0,4030650.0,290814219,4030650
0011M0-E,T0NLZH-S-US,GAP INC  COM,T0NLZH-S,True,GAP INC  COM,Gap Inc  Com,320197215.0,17670928.0,462624895,17670928
0011M0-E,TGW3C4-S-US,GCI LIBERTY INC CL A,TGW3C4-S,True,GCI LIBERTY INC CL A,Gci Liberty Inc Cl A,383331.0,6104.0,339443,6104
0011M0-E,P321KV-S-US,GENERAL ELECTRIC CO  COM,P321KV-S,True,GENERAL ELECTRIC CO  COM,General Electric Co  Com,8405815.0,792254.0,7914617,792254
0011M0-E,D68V9M-S-US,GENERAL MILLS INC  COM,D68V9M-S,True,GENERAL MILLS INC  COM,General Mills Inc  Com,608608.0,11200.0,579600,11200
0011M0-E,BXFH68-S-US,GENUINE PARTS CO  COM,BXFH68-S,True,GENUINE PARTS CO  COM,Genuine Parts Co  Com,1970356.0,18562.0,2079501,18562
0011M0-E,RMF5GJ-S-US,GILEAD SCIENCES INC  COM,RMF5GJ-S,True,GILEAD SCIENCES INC  COM,Gilead Sciences Inc  Com,1178083920.0,17073680.0,1109959937,17073680
0011M0-E,G11QT7-S-GB,GLAXOSMITHKLINE PLC  ORD,G11QT7-S,True,GLAXOSMITHKLINE PLC  ORD,Glaxosmithkline Plc  Ord,1403888836.0,68089126.0,1310464426.62506,68089126
0011M0-E,KSZPF5-S-US,GLAXOSMITHKLINE PLC  SPONSORED ADR,KSZPF5-S,True,GLAXOSMITHKLINE PLC  SPONSORED ADR,Glaxosmithkline Plc  Sponsored Adr,1987226787.0,48081945.0,2009344482,48081945
0011M0-E,HG5HFV-S-US,GOLDMAN SACHS GROUP INC  COM,HG5HFV-S,True,GOLDMAN SACHS GROUP INC  COM,Goldman Sachs Group Inc  Com,2346773554.0,11389893.0,2186745557,11389893
0011M0-E,MDYSXZ-S-US,GRUPO TELEVISA SAB  ADR PC A/B/L/D,MDYSXZ-S,True,GRUPO TELEVISA SAB  ADR PC A/B/L/D,Grupo Televisa Sab  Adr Pc A/B/L/D,503984800.0,58534820.0,647395109,58534820
0011M0-E,B2GZV8-S-TR,HACI OMER SABANCI HOLDINGS  ORD,B2GZV8-S,True,HACI OMER SABANCI HOLDINGS  ORD,Haci Omer Sabanci Holdings  Ord,66170670.0,41487354.0,57572416,41487354
0011M0-E,M1LGZB-S-US,HALLIBURTON CO  COM,M1LGZB-S,True,HALLIBURTON CO  COM,Halliburton Co  Com,654643826.0,28662164.0,839801405,28662164
0011M0-E,LP883Q-S-HK,HANG LUNG GROUP LTD  ORD,LP883Q-S,True,HANG LUNG GROUP LTD  ORD,Hang Lung Group Ltd  Ord,379952677.0,134650000.0,413516139,128812800
0011M0-E,TQ3YYX-S-US,HARLEY DAVIDSON INC  COM,TQ3YYX-S,True,HARLEY DAVIDSON INC  COM,Harley Davidson Inc  Com,355691455.0,9809472.0,349805772,9809472
0011M0-E,PQCHZH-S-US,HESS CORP  COM,PQCHZH-S,False,,,,,-,-
0011M0-E,F9QBSZ-S-US,HEWLETT PACKARD ENTERPRISE CO  COM,F9QBSZ-S,True,HEWLETT PACKARD ENTERPRISE CO  COM,Hewlett Packard Enterprise Co  Com,2399565247.0,156936903.0,2421536413,156936903
0011M0-E,DY0D0T-S-US,HOME DEPOT INC  COM,DY0D0T-S,True,HOME DEPOT INC  COM,Home Depot Inc  Com,12302861.0,58005.0,11130579,58005
0011M0-E,XBVTLW-S-JP,HONDA MOTOR CO LTD  ORD,XBVTLW-S,True,HONDA MOTOR CO LTD  ORD,Honda Motor Co Ltd  Ord,882083729.0,34072455.0,921958723,34072455
0011M0-E,LKTW6W-S-US,HONEYWELL INTERNATIONAL INC  COM,LKTW6W-S,True,HONEYWELL INTERNATIONAL INC  COM,Honeywell International Inc  Com,1575450.0,8831.0,1403423,8831
0011M0-E,V601BM-S-US,HP INC  COM,V601BM-S,True,HP INC  COM,Hp Inc  Com,1948555397.0,92086739.0,1789245339,92086739
0011M0-E,PC5SQ3-S-IN,ICICI BANK LTD  ORD,PC5SQ3-S,True,ICICI BANK LTD  ORD,Icici Bank Ltd  Ord,1860063576.0,293957573.0,1692457787,293957573
0011M0-E,BHY29P-S-US,ICICI BANK LTD  SPONSORED ADR,BHY29P-S,True,ICICI BANK LTD  SPONSORED ADR,Icici Bank Ltd  Sponsored Adr,18744370.0,1488830.0,17061992,1488830
0011M0-E,SGJQG8-S-US,INCYTE CORP  COM,SGJQG8-S,True,INCYTE CORP  COM,Incyte Corp  Com,368172882.0,4255350.0,366002654,4255350
0011M0-E,PJSZYL-S-US,INTEL CORP  COM,PJSZYL-S,True,INTEL CORP  COM,Intel Corp  Com,203784.0,4200.0,225540,4200
0011M0-E,MCPQD9-S-US,INTERNATIONAL BUSINESS MACHINES  COM,MCPQD9-S,True,INTERNATIONAL BUSINESS MACHINES  COM,International Business Machines  Com,10641119.0,75181.0,10608039,75181
0011M0-E,CY6SCY-S-US,ISHARES RUSSELL 2000 VALUE ETF,CY6SCY-S,False,,,,,-,-
0011M0-E,HRGLY7-S-BR,ITAU UNIBANCO HLDG (MULTIPLO)  PFD,HRGLY7-S,True,ITAU UNIBANCO HLDG (MULTIPLO)  PFD,Itau Unibanco Hldg (Multiplo)  Pfd,1373244551.0,144339044.0,-,-
0011M0-E,D69FF5-S-US,ITAU UNIBANCO HOLDING SA  ADR PFD,D69FF5-S,True,ITAU UNIBANCO HOLDING SA  ADR PFD,Itau Unibanco Holding Sa  Adr Pfd,85805867.0,9138005.0,-,-
0011M0-E,JSL9G5-S-US,JD COM INC  SPONSORED ADR,JSL9G5-S,True,JD COM INC  SPONSORED ADR,Jd Com Inc  Sponsored Adr,1082093576.0,34352177.0,1035718137,34352177
0011M0-E,T7HSNM-S-US,JOHNSON & JOHNSON  COM,T7HSNM-S,True,JOHNSON & JOHNSON  COM,Johnson & Johnson  Com,4253113.0,29922.0,4182796,29922
0011M0-E,G4F739-S-US,JOHNSON CONTROLS INTL PLC  COM,G4F739-S,True,JOHNSON CONTROLS INTL PLC  COM,Johnson Controls Intl Plc  Com,4528499486.0,108259610.0,3999109993,108259610
0011M0-E,N5N6M6-S-US,JPMORGAN CHASE & CO  COM,N5N6M6-S,True,JPMORGAN CHASE & CO  COM,Jpmorgan Chase & Co  Com,2814042747.0,24942765.0,2524956101,24942765
0011M0-E,BNWHWM-S-DE,JPMORGAN CHASE & CO  DEBT,BNWHWM-S,True,JPMORGAN CHASE & CO  DEBT,Jpmorgan Chase & Co  Debt,251100000.0,232500000.0,-,-
0011M0-E,W8XCG8-S-US,JUNIPER NETWORKS INC  COM,W8XCG8-S,True,JUNIPER NETWORKS INC  COM,Juniper Networks Inc  Com,1207155709.0,44593857.0,1180399395,44593857
0011M0-E,J0CFX0-S-TH,KASIKORNBANK PUBLIC CO LTD  FGN,J0CFX0-S,True,KASIKORNBANK PUBLIC CO LTD  FGN,Kasikornbank Public Co Ltd  Fgn,255840250.0,40931100.0,242478292,40931100
0011M0-E,X0NKF2-S-US,KIMBERLY CLARK CORP  COM,X0NKF2-S,True,KIMBERLY CLARK CORP  COM,Kimberly Clark Corp  Com,534031.0,3860.0,478254,3860
0011M0-E,K6NYMC-S-US,KONINKLIJKE PHILIPS NV  ADR,K6NYMC-S,True,KONINKLIJKE PHILIPS NV  ADR,Koninklijke Philips Nv  Adr,968471.0,21700.0,886662,21700
0011M0-E,K5KCNX-S-NL,KONINKLIJKE PHILIPS NV  ORD,K5KCNX-S,False,,,,,371296123,8147560
0011M0-E,S4D2D0-S-US,KRAFT HEINZ CO  COM,S4D2D0-S,False,,,,,-,-
0011M0-E,VV9YQS-S-JP,KYOCERA CORP  ORD,VV9YQS-S,True,KYOCERA CORP  ORD,Kyocera Corp  Ord,902640688.0,13569200.0,796854120,13569200
0011M0-E,JNNYHS-S-CH,LAFARGEHOLCIM LTD  ORD REG,JNNYHS-S,True,LAFARGEHOLCIM LTD  ORD REG,Lafargeholcim Ltd  Ord Reg,652918652.0,13340457.0,658918656,13340457
0011M0-E,C4CKD3-S-US,LIBERTY GLOBAL PLC  CL A,C4CKD3-S,True,LIBERTY GLOBAL PLC  CL A,Liberty Global Plc  Cl A,512523803.0,18569703.0,462756999,18569703
0011M0-E,P5DLYY-S-US,LIBERTY GLOBAL PLC  CL C,P5DLYY-S,True,LIBERTY GLOBAL PLC  CL C,Liberty Global Plc  Cl C,1266367012.0,47111868.0,1140578324,47111868
0011M0-E,QTQT3M-S-US,LIBERTY LATIN AMERICA LTD  CL A,QTQT3M-S,False,,,,,-,-
0011M0-E,VXWYP7-S-US,LIBERTY LATIN AMERICA LTD  CL C,VXWYP7-S,False,,,,,-,-
0011M0-E,JPY6CM-S-DE,LINDE AG  ORD,JPY6CM-S,False,,,,,-,-
0011M0-E,NB64DG-S-US,LINDE PLC  COM,NB64DG-S,True,LINDE PLC  COM,Linde Plc  Com,1592676920.0,7822194.0,1376158590,7822194
0011M0-E,MH7782-S-GB,LLOYDS BANKING GROUP PLC  ORD,MH7782-S,True,LLOYDS BANKING GROUP PLC  ORD,Lloyds Banking Group Plc  Ord,700936677.0,957668429.0,781160560.85101,957668429
0011M0-E,BV8916-S-US,LOCKHEED MARTIN CORP  COM,BV8916-S,True,LOCKHEED MARTIN CORP  COM,Lockheed Martin Corp  Com,324083.0,875.0,262640,875
0011M0-E,N91ZBG-S-US,LOWES COS INC  COM,N91ZBG-S,False,,,,,-,-
0011M0-E,KHRMVQ-S-US,MACYS INC  COM,KHRMVQ-S,True,MACYS INC  COM,Macys Inc  Com,193557.0,9100.0,218673,9100
0011M0-E,C34R8M-S-RU,MAGNIT PJSC  ORD,C34R8M-S,True,MAGNIT PJSC  ORD,Magnit Pjsc  Ord,393983562.0,6610285.0,418570466,7554679
0011M0-E,RWB1HB-S-US,MARSH & MCLENNAN COS INC  COM,RWB1HB-S,True,MARSH & MCLENNAN COS INC  COM,Marsh & Mclennan Cos Inc  Com,294351.0,2860.0,268554,2860
0011M0-E,RS1WKD-S-US,MATTEL INC  COM,RS1WKD-S,True,MATTEL INC  COM,Mattel Inc  Com,426450367.0,37018261.0,481237393,37018261
0011M0-E,V0BDBS-S-US,MAXIM INTEGRATED PRODUCTS INC  COM,V0BDBS-S,True,MAXIM INTEGRATED PRODUCTS INC  COM,Maxim Integrated Products Inc  Com,523194190.0,8666460.0,460795678,8666460
0011M0-E,F1F0GY-S-US,MCDONALDS CORP  COM,F1F0GY-S,True,MCDONALDS CORP  COM,Mcdonalds Corp  Com,3216198.0,15113.0,2869959,15113
0011M0-E,TTHQS7-S-US,MEDTRONIC PLC  COM,TTHQS7-S,True,MEDTRONIC PLC  COM,Medtronic Plc  Com,571136424.0,5780148.0,526455880,5780148
0011M0-E,V9FMMN-S-US,MERCK & CO INC  COM,V9FMMN-S,True,MERCK & CO INC  COM,Merck & Co Inc  Com,66799161.0,768690.0,63931947,768690
0011M0-E,NV2X6X-S-US,METLIFE INC  COM,NV2X6X-S,True,METLIFE INC  COM,Metlife Inc  Com,2343280866.0,46429183.0,1976490320,46429183
0011M0-E,DQ7MZZ-S-GB,MICRO FOCUS INTERNATIONAL PLC  ORD,DQ7MZZ-S,True,MICRO FOCUS INTERNATIONAL PLC  ORD,Micro Focus International Plc  Ord,568815973.0,21000500.0,653161554,20828549
0011M0-E,C00L6P-S-US,MICRO FOCUS INTL PLC  SPONSORED ADR,C00L6P-S,True,MICRO FOCUS INTL PLC  SPONSORED ADR,Micro Focus Intl Plc  Sponsored Adr,814823023.0,29978772.0,931958194,29978772
0011M0-E,SY92RH-S-US,MICROCHIP TECHNOLOGY INC  COM,SY92RH-S,True,MICROCHIP TECHNOLOGY INC  COM,Microchip Technology Inc  Com,1677306039.0,18684483.0,1550064710,18684483
0011M0-E,DF3K29-S-US,MICROSOFT CORP  COM,DF3K29-S,True,MICROSOFT CORP  COM,Microsoft Corp  Com,4346877236.0,31622852.0,3729599165,31622852
0011M0-E,NK1W43-S-SE,MILLICOM INTL CELLULAR SA  SDR,NK1W43-S,True,MILLICOM INTL CELLULAR SA  SDR,Millicom Intl Cellular Sa  Sdr,451648049.0,7936436.0,483016019,7936436
0011M0-E,RRYBT2-S-JP,MITSUBISHI ELECTRIC CORP  ORD,RRYBT2-S,True,MITSUBISHI ELECTRIC CORP  ORD,Mitsubishi Electric Corp  Ord,1474343390.0,107612614.0,1464442193,113948500
0011M0-E,R5S5QK-S-JP,MITSUBISHI UFJ FINL GROUP INC  ORD,R5S5QK-S,True,MITSUBISHI UFJ FINL GROUP INC  ORD,Mitsubishi Ufj Finl Group Inc  Ord,804320921.0,166984500.0,829756000,166984500
0011M0-E,HY0FNH-S-US,MOLSON COORS BREWING CO  CL B,HY0FNH-S,True,MOLSON COORS BREWING CO  CL B,Molson Coors Brewing Co  Cl B,765838754.0,13468849.0,803416843,13468849
0011M0-E,D8DHJ7-S-US,MONDELEZ INTERNATIONAL INC  CL A,D8DHJ7-S,True,MONDELEZ INTERNATIONAL INC  CL A,Mondelez International Inc  Cl A,660790.0,11840.0,591053,11840
0011M0-E,C4BW2G-S-US,MOODYS CORP  COM,C4BW2G-S,True,MOODYS CORP  COM,Moodys Corp  Com,415351.0,2050.0,371235,2050
0011M0-E,X8M6VK-S-US,MOTOROLA SOLUTIONS INC  COM,X8M6VK-S,True,MOTOROLA SOLUTIONS INC  COM,Motorola Solutions Inc  Com,8405885.0,49339.0,6928182,49339
0011M0-E,TVPSG0-S-ZA,MTN GROUP LTD  ORD,TVPSG0-S,True,MTN GROUP LTD  ORD,Mtn Group Ltd  Ord,280735121.0,38010580.0,328017183,53274580
,,,,False,MULTICHOICE GROUP LTD  ORD,Multichoice Group Ltd  Ord,78022779.0,8086695.0,-,-
,,,,False,MURATA MANUFACTURING CO LTD  ORD,Murata Manufacturing Co Ltd  Ord,202367823.0,4391700.0,-,-
0011M0-E,D1N7DV-S-ZA,NASPERS LTD  ORD N,D1N7DV-S,True,NASPERS LTD  ORD N,Naspers Ltd  Ord N,1936738076.0,7836695.0,1810728174,7836695
0011M0-E,C37KN8-S-US,NATIONAL OILWELL VARCO INC  COM,C37KN8-S,True,NATIONAL OILWELL VARCO INC  COM,National Oilwell Varco Inc  Com,364177412.0,16720726.0,445440141,16720726
0011M0-E,D707BZ-S,"NBCUNIVERSAL ENTERPRISE, INC. 5.25% PERP",D707BZ-S,True,"NBCUNIVERSAL ENTERPRISE, INC. 5.25% PERP","Nbcuniversal Enterprise, Inc. 5.25% Perp",54912720.0,53210000.0,-,-
0011M0-E,Q4ZSBS-S-US,NETAPP INC  COM,Q4ZSBS-S,True,NETAPP INC  COM,Netapp Inc  Com,7647401.0,122378.0,8485691,122378
0011M0-E,GLZ11J-S-US,NEWS CORP  CL A,GLZ11J-S,True,NEWS CORP  CL A,News Corp  Cl A,183546420.0,13646574.0,169763381,13646574
0011M0-E,VLCR4Q-S-US,NEXTERA ENERGY INC  COM,VLCR4Q-S,True,NEXTERA ENERGY INC  COM,Nextera Energy Inc  Com,1490750.0,7142.0,1380691,7142
0011M0-E,LTT1MV-S-JP,NIDEC CORP  ORD,LTT1MV-S,True,NIDEC CORP  ORD,Nidec Corp  Ord,494496064.0,3600800.0,456260753,3600800
0011M0-E,TY1NFD-S-US,NORFOLK SOUTHERN CORP  COM,TY1NFD-S,True,NORFOLK SOUTHERN CORP  COM,Norfolk Southern Corp  Com,632641.0,3124.0,583844,3124
0011M0-E,P6G3ZG-S-CH,NOVARTIS AG  ORD REG,P6G3ZG-S,True,NOVARTIS AG  ORD REG,Novartis Ag  Ord Reg,1467509151.0,15896270.0,1528812799,15896270
0011M0-E,G6QL68-S-US,NOVARTIS AG  SPONSORED ADR,G6QL68-S,True,NOVARTIS AG  SPONSORED ADR,Novartis Ag  Sponsored Adr,3361875038.0,36344595.0,3494169363,36344595
0011M0-E,V3LF0L-S-US,NUCOR CORP  COM,V3LF0L-S,True,NUCOR CORP  COM,Nucor Corp  Com,3654669.0,66100.0,3856935,66100
0011M0-E,DRJY75-S-CA,NUTRIEN LTD  COM,DRJY75-S,True,NUTRIEN LTD  COM,Nutrien Ltd  Com,432790934.0,8072408.0,425900246,8072408
0011M0-E,MT931R-S-US,OCCIDENTAL PETROLEUM CORP  COM,MT931R-S,True,OCCIDENTAL PETROLEUM CORP  COM,Occidental Petroleum Corp  Com,1493194560.0,30368000.0,2010361600,30368000
0011M0-E,KPL0X0-S-US,PARKER HANNIFIN CORP  COM,KPL0X0-S,True,PARKER HANNIFIN CORP  COM,Parker Hannifin Corp  Com,548994.0,3256.0,558795,3256
0011M0-E,NGRNZY-S-US,PAYPAL HOLDINGS INC  COM,NGRNZY-S,True,PAYPAL HOLDINGS INC  COM,Paypal Holdings Inc  Com,5677589.0,48246.0,5009865,48246
0011M0-E,DCZH6D-S-US,PEPSICO INC  COM,DCZH6D-S,True,PEPSICO INC  COM,Pepsico Inc  Com,742975.0,5545.0,679540,5545
0011M0-E,FZCZH1-S-US,PERSPECTA INC  COM WI,FZCZH1-S,True,PERSPECTA INC  COM WI,Perspecta Inc  Com Wi,448259.0,18986.0,383897,18986
0011M0-E,CB220R-S-US,PETROBRAS  ADR NVTG,CB220R-S,True,PETROBRAS  ADR NVTG,Petrobras  Adr Nvtg,45886498.0,3277607.0,46869780,3277607
0011M0-E,KV5NYW-S-BR,PETROBRAS  ORD PFD,KV5NYW-S,True,PETROBRAS  ORD PFD,Petrobras  Ord Pfd,782435699.0,110856106.0,-,-
0011M0-E,JDQZCY-S-US,PFIZER INC  COM,JDQZCY-S,True,PFIZER INC  COM,Pfizer Inc  Com,17937600.0,404000.0,17157880,404000
0011M0-E,PRHXMV-S-US,PHILIP MORRIS INTERNATIONAL INC  COM,PRHXMV-S,True,PHILIP MORRIS INTERNATIONAL INC  COM,Philip Morris International Inc  Com,1524955.0,18913.0,1671720,18913
0011M0-E,SP70YY-S-US,PHILLIPS 66  COM,SP70YY-S,True,PHILLIPS 66  COM,Phillips 66  Com,504989.0,5205.0,495360,5205
0011M0-E,JT792F-S-US,PNC FINANCIAL SERVICES GROUP  COM,JT792F-S,True,PNC FINANCIAL SERVICES GROUP  COM,Pnc Financial Services Group  Com,2627716.0,18680.0,2291289,18680
0011M0-E,KM6CDW-S-US,PPG INDUSTRIES INC  COM,KM6CDW-S,True,PPG INDUSTRIES INC  COM,Ppg Industries Inc  Com,2024360.0,17000.0,1918790,17000
0011M0-E,RWC9XJ-S-US,PROCTER & GAMBLE CO  COM,RWC9XJ-S,True,PROCTER & GAMBLE CO  COM,Procter & Gamble Co  Com,15038596.0,131825.0,13716391,131825
0011M0-E,C7R3T7-S-US,QUALCOMM INC  COM,C7R3T7-S,True,QUALCOMM INC  COM,Qualcomm Inc  Com,344835.0,4500.0,256635,4500
0011M0-E,DR8CHR-S-US,QURATE RETAIL INC QVC GROUP  CL A,DR8CHR-S,True,QURATE RETAIL INC QVC GROUP  CL A,Qurate Retail Inc Qvc Group  Cl A,712568102.0,56553024.0,903717324,56553024
0011M0-E,G6L6W5-S-US,RAYTHEON CO  COM,G6L6W5-S,False,,,,,-,-
0011M0-E,TH9ZKX-S-US,RIO TINTO PLC  ADR,TH9ZKX-S,True,RIO TINTO PLC  ADR,Rio Tinto Plc  Adr,601445.0,9500.0,559075,9500
0011M0-E,H8PBY5-S-US,ROCHE HOLDING AG  ADR PFD,H8PBY5-S,True,ROCHE HOLDING AG  ADR PFD,Roche Holding Ag  Adr Pfd,1683294304.0,47256999.0,1627294761,47256999
0011M0-E,M50G2S-S-CH,ROCHE HOLDING AG  ORD DRC,M50G2S-S,True,ROCHE HOLDING AG  ORD DRC,Roche Holding Ag  Ord Drc,1810950598.0,6344600.0,-,-
0011M0-E,GYCCNW-S-US,ROYAL DUTCH SHELL PLC  SPONS ADR A,GYCCNW-S,True,ROYAL DUTCH SHELL PLC  SPONS ADR A,Royal Dutch Shell Plc  Spons Adr A,9548644.0,147629.0,9240099,147629
0011M0-E,NXC32S-S-US,S&P GLOBAL INC  COM,NXC32S-S,True,S&P GLOBAL INC  COM,S&P Global Inc  Com,1976562.0,8300.0,1747565,8300
0011M0-E,RMD8RP-S-IT,SAIPEM SPA  ORD,RMD8RP-S,True,SAIPEM SPA  ORD,Saipem Spa  Ord,280985458.0,57521348.0,220584590.95084,57521348
0011M0-E,SPC2KM-S-KR,SAMSUNG ELECTRONICS  ORD PFD NVTG,SPC2KM-S,True,SAMSUNG ELECTRONICS  ORD PFD NVTG,Samsung Electronics  Ord Pfd Nvtg,1095661441.0,33949565.0,-,-
0011M0-E,XQ818C-S-KR,SAMSUNG ELECTRONICS CO LTD  ORD,XQ818C-S,True,SAMSUNG ELECTRONICS CO LTD  ORD,Samsung Electronics Co Ltd  Ord,732909958.0,18907950.0,743758206,18907950
0011M0-E,DKHG8V-S-FR,SANOFI (SANOFI AVENTIS)  ORD,DKHG8V-S,True,SANOFI (SANOFI AVENTIS)  ORD,Sanofi (Sanofi Aventis)  Ord,1745063817.0,19770409.0,1747965323,19770409
0011M0-E,RWGFWG-S-US,SANOFI AVENTIS  SPONSORED ADR,RWGFWG-S,True,SANOFI AVENTIS  SPONSORED ADR,Sanofi Aventis  Sponsored Adr,2665983716.0,60590539.0,2682949067,60590539
0011M0-E,SZF3KC-S-US,SCHLUMBERGER NV  COM,SZF3KC-S,True,SCHLUMBERGER NV  COM,Schlumberger Nv  Com,2138640422.0,54156506.0,2359598966,54156506
0011M0-E,LRJH1M-S-FR,SCHNEIDER ELECTRIC SE  ORD,LRJH1M-S,True,SCHNEIDER ELECTRIC SE  ORD,Schneider Electric Se  Ord,1186027088.0,13030524.0,1023314805,13030524
0011M0-E,PTRJ81-S-GB,SHIRE PLC  ORD,PTRJ81-S,False,,,,,-,-
0011M0-E,RFQ5XF-S-GB,SMITHS GROUP PLC  ORD,RFQ5XF-S,True,SMITHS GROUP PLC  ORD,Smiths Group Plc  Ord,398176557.0,19558400.0,355304678,19001500
0011M0-E,C5BYBM-S-FR,SOCIETE GENERALE SA  ORD A,C5BYBM-S,True,SOCIETE GENERALE SA  ORD A,Societe Generale Sa  Ord A,956109573.0,37945027.0,1098184481,37945027
0011M0-E,BB0C2F-S-US,SPRINT CORP  COM,BB0C2F-S,True,SPRINT CORP  COM,Sprint Corp  Com,725035969.0,103873348.0,586884416,103873348
0011M0-E,PF89RN-S-GB,STANDARD CHARTERED PLC  ORD,PF89RN-S,True,STANDARD CHARTERED PLC  ORD,Standard Chartered Plc  Ord,1211929131.0,131428000.0,1138028480.6,131428000
0011M0-E,KW96V9-S-US,STATE STREET CORP  COM,KW96V9-S,True,STATE STREET CORP  COM,State Street Corp  Com,254115.0,4500.0,296145,4500
0011M0-E,MBJF57-S-CA,SUNCOR ENERGY INC  COM,MBJF57-S,True,SUNCOR ENERGY INC  COM,Suncor Energy Inc  Com,1096145022.0,35031800.0,1136081274,35031800
0011M0-E,X6BVNJ-S-US,SUNTRUST BANKS INC  COM,X6BVNJ-S,True,SUNTRUST BANKS INC  COM,Suntrust Banks Inc  Com,11426395.0,181920.0,10778760,181920
0011M0-E,JFV4K0-S-US,SYNOPSYS (SYNOPSIS) INC  COM,JFV4K0-S,True,SYNOPSYS (SYNOPSIS) INC  COM,Synopsys (Synopsis) Inc  Com,5210801.0,38630.0,4448245,38630
0011M0-E,PFDQ4S-S-JP,TAKEDA PHARMACEUTICAL CO LTD  ORD,PFDQ4S-S,False,,,,,-,-
0011M0-E,MYWCD8-S-US,TAPESTRY INC  COM,MYWCD8-S,False,,,,,-,-
0011M0-E,WX72B4-S-US,TARGET CORP  COM,WX72B4-S,True,TARGET CORP  COM,Target Corp  Com,227756811.0,2591090.0,207960883,2591090
0011M0-E,HVRY7D-S-US,TE CONNECTIVITY LTD  COM REG,HVRY7D-S,True,TE CONNECTIVITY LTD  COM REG,Te Connectivity Ltd  Com Reg,2981684565.0,31111066.0,2512218580,31111066
0011M0-E,HR8NLN-S-SE,TELEFONAKTIEBOLAGET (TELEFON)  ORD B,HR8NLN-S,False,,,,,373385628,43044300
0011M0-E,J5WH3J-S-US,TELEFONAKTIEBOLAGET LM ERIC  ADR B,J5WH3J-S,True,TELEFONAKTIEBOLAGET LM ERIC  ADR B,Telefonaktiebolaget Lm Eric  Adr B,10070791.0,1040371.0,9550606,1040371
0011M0-E,FT4KB7-S-HK,TELEVISION BROADCASTS LTD  ORD,FT4KB7-S,True,TELEVISION BROADCASTS LTD  ORD,Television Broadcasts Ltd  Ord,68927507.0,40163800.0,82699204,42653300
0011M0-E,LY6R71-S-US,THERMO FISHER SCIENTIFIC INC  COM,LY6R71-S,True,THERMO FISHER SCIENTIFIC INC  COM,Thermo Fisher Scientific Inc  Com,11682087.0,38248.0,10469243,38248
0011M0-E,CM3XPB-S-FR,TOTAL SA  ORD,CM3XPB-S,True,TOTAL SA  ORD,Total Sa  Ord,878419642.0,15853349.0,881502167,15853349
0011M0-E,G8VDR1-S-US,TRAVELERS COS INC  CL A,G8VDR1-S,True,TRAVELERS COS INC  CL A,Travelers Cos Inc  Cl A,22997489.0,149044.0,20442875,149044
0011M0-E,DSCKQV-S-US,TWENTY FIRST CENTURY FOX INC  CL A,DSCKQV-S,False,,,,,-,-
0011M0-E,JWJQ9G-S-US,TWENTY FIRST CENTURY FOX INC  CL B,JWJQ9G-S,False,,,,,-,-
0011M0-E,DB740W-S-CH,UBS GROUP AG  ORD REG,DB740W-S,True,UBS GROUP AG  ORD REG,Ubs Group Ag  Ord Reg,1546710324.0,129000027.0,1562190327,129000027
0011M0-E,FZS6F4-S-IT,UNICREDIT SPA  ORD,FZS6F4-S,True,UNICREDIT SPA  ORD,Unicredit Spa  Ord,1491860169.0,118728292.0,1523513133,118728292
0011M0-E,HLVZYD-S-US,UNILEVER NV  NY SH,HLVZYD-S,True,UNILEVER NV  NY SH,Unilever Nv  Ny Sh,2829959.0,45571.0,2656334,45571
0011M0-E,FFW2T8-S-US,UNILEVER PLC  ADR,FFW2T8-S,True,UNILEVER PLC  ADR,Unilever Plc  Adr,299860.0,4700.0,271284,4700
0011M0-E,B2DTQ7-S-US,UNION PACIFIC CORP  COM,B2DTQ7-S,True,UNION PACIFIC CORP  COM,Union Pacific Corp  Com,715966536.0,4167442.0,696796302,4167442
0011M0-E,C6M0W9-S-US,UNITED PARCEL SERVICE INC  CL B,C6M0W9-S,False,,,,,-,-
0011M0-E,K6TLGQ-S-US,UNITED TECHNOLOGIES CORP  COM,K6TLGQ-S,True,UNITED TECHNOLOGIES CORP  COM,United Technologies Corp  Com,2039794400.0,15336800.0,1976760152,15336800
0011M0-E,R4SVX3-S-US,UNITEDHEALTH GROUP INC  COM,R4SVX3-S,True,UNITEDHEALTH GROUP INC  COM,Unitedhealth Group Inc  Com,1545025789.0,6300827.0,1557942484,6300827
0011M0-E,QQ57WH-S-US,US BANCORP/DE  COM,QQ57WH-S,True,US BANCORP/DE  COM,Us Bancorp/De  Com,5043893.0,94721.0,4564605,94721
0011M0-E,RGW4H5-S-US,VERIZON COMMUNICATIONS INC  COM,RGW4H5-S,True,VERIZON COMMUNICATIONS INC  COM,Verizon Communications Inc  Com,319715.0,5500.0,325215,5500
0011M0-E,JS7D8K-S-US,VISA INC  CL A,JS7D8K-S,True,VISA INC  CL A,Visa Inc  Cl A,636732.0,3600.0,562284,3600
0011M0-E,DVTV6F-S-US,VMWARE INC  CL A,DVTV6F-S,True,VMWARE INC  CL A,Vmware Inc  Cl A,3338362.0,19700.0,3556047,19700
0011M0-E,KM5HS2-S-US,VULCAN MATERIALS CO  COM,KM5HS2-S,True,VULCAN MATERIALS CO  COM,Vulcan Materials Co  Com,6465690.0,46200.0,5470080,46200
0011M0-E,QSFJYG-S-US,WALGREENS BOOTS ALLIANCE  COM,QSFJYG-S,True,WALGREENS BOOTS ALLIANCE  COM,Walgreens Boots Alliance  Com,257682.0,4669.0,295408,4669
0011M0-E,DWPYXW-S-US,WALMART INC  COM,DWPYXW-S,True,WALMART INC  COM,Walmart Inc  Com,18486749.0,164590.0,16052463,164590
0011M0-E,K8YTSW-S-US,WALT DISNEY CO  COM,K8YTSW-S,True,WALT DISNEY CO  COM,Walt Disney Co  Com,156362642.0,1093598.0,121422186,1093598
0011M0-E,W0ZHJJ-S-US,WEATHERFORD INTERNATIONAL PLC  COM,W0ZHJJ-S,True,WEATHERFORD INTERNATIONAL PLC  COM,Weatherford International Plc  Com,2555309.0,53235600.0,37158449,53235600
0011M0-E,G4G3T4-S-US,WELLS FARGO & CO  COM,G4G3T4-S,True,WELLS FARGO & CO  COM,Wells Fargo & Co  Com,3898999782.0,81808640.0,3952993485,81808640
0011M0-E,R1BXSL-S-DE,WELLS FARGO & CO  PFD 5.875%,R1BXSL-S,True,WELLS FARGO & CO  PFD 5.875%,Wells Fargo & Co  Pfd 5.875%,164667901.0,150772000.0,-,-
0011M0-E,CGFX37-S-JP,YAMAHA MOTOR CO LTD  ORD,CGFX37-S,True,YAMAHA MOTOR CO LTD  ORD,Yamaha Motor Co Ltd  Ord,264890435.0,14753100.0,341996023,16510900
0011M0-E,GZV1DC-S-US,ZAYO GROUP HOLDINGS INC  COM,GZV1DC-S,True,ZAYO GROUP HOLDINGS INC  COM,Zayo Group Holdings Inc  Com,953645854.0,28758922.0,817328563,28758922
